SessionKey,SessionType,Status,SegmentNumber,SegmentsCombined,SourceStart_s,SourceEnd_s,Duration_s,OutputFile,MissingChannels,EstimatedChannels,SourceFiles
autox42,autocross_run,skipped_missing_temperature,0,0,NaN,NaN,NaN,,tempFLRaw; tempFRRaw; tempRLRaw; tempRRRaw; torqueFL; rpmFL; torqueFR; rpmFR; torqueRL; rpmRL; torqueRR; rpmRR; speed,,AutoX 4-2.txt
autox43,autocross_run,skipped_missing_temperature,0,0,NaN,NaN,NaN,,tempFLRaw; tempFRRaw; tempRLRaw; tempRRRaw; torqueFL; rpmFL; torqueFR; rpmFR; torqueRL; rpmRL; torqueRR; rpmRR; speed,,AutoX 4-3.txt
autox527,autocross_run,exported_incomplete,1,1,63.8999999999978,242.099999999999,178.200000000001,C:\Users\olive\GitHub\RIT_RacingBrakesAnalysis\carData\F34preProcessed_split_8-1\autox527_autocross_run_001.txt,tempFLRaw; tempRLRaw,,AutoX 5-27.txt
autox527,autocross_run,exported_incomplete,2,1,343.699999999997,1092.3,748.600000000002,C:\Users\olive\GitHub\RIT_RacingBrakesAnalysis\carData\F34preProcessed_split_8-1\autox527_autocross_run_002.txt,tempFLRaw; tempRLRaw,,AutoX 5-27.txt
autox527,autocross_run,exported_incomplete,3,1,1538.9,1816.8,277.900000000001,C:\Users\olive\GitHub\RIT_RacingBrakesAnalysis\carData\F34preProcessed_split_8-1\autox527_autocross_run_003.txt,tempFLRaw; tempRLRaw,,AutoX 5-27.txt
autox527,autocross_run,exported_incomplete,4,1,2503.4,2766.9,263.5,C:\Users\olive\GitHub\RIT_RacingBrakesAnalysis\carData\F34preProcessed_split_8-1\autox527_autocross_run_004.txt,tempFLRaw; tempRLRaw,,AutoX 5-27.txt
autox527,autocross_run,exported_incomplete,5,1,3086.7,3415.4,328.700000000001,C:\Users\olive\GitHub\RIT_RacingBrakesAnalysis\carData\F34preProcessed_split_8-1\autox527_autocross_run_005.txt,tempFLRaw; tempRLRaw,,AutoX 5-27.txt
autox527,autocross_run,exported_incomplete,6,1,3749.8,3880.4,130.599999999999,C:\Users\olive\GitHub\RIT_RacingBrakesAnalysis\carData\F34preProcessed_split_8-1\autox527_autocross_run_006.txt,tempFLRaw; tempRLRaw,,AutoX 5-27.txt
brakebedding327,braking_event,skipped_missing_temperature,0,0,NaN,NaN,NaN,,tempFLRaw; tempFRRaw; tempRLRaw; tempRRRaw; torqueFL; rpmFL; torqueFR; rpmFR; torqueRL; rpmRL; torqueRR; rpmRR; speed,,Brake Bedding 3-27.txt
brakestesting611,braking_event,exported_incomplete,1,1,1403.5,1463.4,59.9000000000001,C:\Users\olive\GitHub\RIT_RacingBrakesAnalysis\carData\F34preProcessed_split_8-1\brakestesting611_braking_event_001.txt,tempFLRaw; tempRLRaw,,BrakesTesting 6-11.txt
brakestesting611,braking_event,exported_incomplete,2,1,1765,1875.3,110.3,C:\Users\olive\GitHub\RIT_RacingBrakesAnalysis\carData\F34preProcessed_split_8-1\brakestesting611_braking_event_002.txt,tempFLRaw; tempRLRaw,,BrakesTesting 6-11.txt
brakestesting611,braking_event,exported_incomplete,3,1,2570.5,2659,88.5,C:\Users\olive\GitHub\RIT_RacingBrakesAnalysis\carData\F34preProcessed_split_8-1\brakestesting611_braking_event_003.txt,tempFLRaw; tempRLRaw,,BrakesTesting 6-11.txt
brakestesting611,braking_event,exported_incomplete,4,1,3042,3340,298,C:\Users\olive\GitHub\RIT_RacingBrakesAnalysis\carData\F34preProcessed_split_8-1\brakestesting611_braking_event_004.txt,tempFLRaw; tempRLRaw,,BrakesTesting 6-11.txt
brakestesting611,braking_event,exported_incomplete,5,1,3650.8,3702.5,51.7000000000003,C:\Users\olive\GitHub\RIT_RacingBrakesAnalysis\carData\F34preProcessed_split_8-1\brakestesting611_braking_event_005.txt,tempFLRaw; tempRLRaw,,BrakesTesting 6-11.txt
brakestesting611,braking_event,exported_incomplete,6,1,3753.8,3818.5,64.7000000000003,C:\Users\olive\GitHub\RIT_RacingBrakesAnalysis\carData\F34preProcessed_split_8-1\brakestesting611_braking_event_006.txt,tempFLRaw; tempRLRaw,,BrakesTesting 6-11.txt
brakestesting611,braking_event,exported_incomplete,7,1,3845.9,3917.8,71.9000000000001,C:\Users\olive\GitHub\RIT_RacingBrakesAnalysis\carData\F34preProcessed_split_8-1\brakestesting611_braking_event_007.txt,tempFLRaw; tempRLRaw,,BrakesTesting 6-11.txt
brakestesting611,braking_event,exported_incomplete,8,1,4172.6,4242.2,69.6000000000004,C:\Users\olive\GitHub\RIT_RacingBrakesAnalysis\carData\F34preProcessed_split_8-1\brakestesting611_braking_event_008.txt,tempFLRaw; tempRLRaw,,BrakesTesting 6-11.txt
brakestesting611,braking_event,exported_incomplete,9,1,4841.1,4985.5,144.400000000001,C:\Users\olive\GitHub\RIT_RacingBrakesAnalysis\carData\F34preProcessed_split_8-1\brakestesting611_braking_event_009.txt,tempFLRaw; tempRLRaw,,BrakesTesting 6-11.txt
brakestesting611,braking_event,exported_incomplete,10,1,5293.9,5609.4,315.5,C:\Users\olive\GitHub\RIT_RacingBrakesAnalysis\carData\F34preProcessed_split_8-1\brakestesting611_braking_event_010.txt,tempFLRaw; tempRLRaw,,BrakesTesting 6-11.txt
endurance417,endurance_stint,exported_incomplete,1,1,2883.3,3359.9,476.6,C:\Users\olive\GitHub\RIT_RacingBrakesAnalysis\carData\F34preProcessed_split_8-1\endurance417_endurance_stint_001.txt,tempFLRaw; tempRLRaw,,Endurance 4-17.txt
endurance417,endurance_stint,exported_incomplete,2,1,3605.2,4503.4,898.2,C:\Users\olive\GitHub\RIT_RacingBrakesAnalysis\carData\F34preProcessed_split_8-1\endurance417_endurance_stint_002.txt,tempFLRaw; tempRLRaw,,Endurance 4-17.txt
endurance417,endurance_stint,exported_incomplete,3,1,4553.6,5280.9,727.299999999999,C:\Users\olive\GitHub\RIT_RacingBrakesAnalysis\carData\F34preProcessed_split_8-1\endurance417_endurance_stint_003.txt,tempFLRaw; tempRLRaw,,Endurance 4-17.txt
endurance519,endurance_stint,exported_incomplete,1,1,9443.6,10477.5,1033.9,C:\Users\olive\GitHub\RIT_RacingBrakesAnalysis\carData\F34preProcessed_split_8-1\endurance519_endurance_stint_001.txt,tempFLRaw; tempRLRaw,,Endurance 5-19.txt
endurance519,endurance_stint,exported_incomplete,2,1,10630.4,11228.4,598,C:\Users\olive\GitHub\RIT_RacingBrakesAnalysis\carData\F34preProcessed_split_8-1\endurance519_endurance_stint_002.txt,tempFLRaw; tempRLRaw,,Endurance 5-19.txt
endurance519,endurance_stint,exported_incomplete,3,1,11612.9,11661.6,48.7000000000007,C:\Users\olive\GitHub\RIT_RacingBrakesAnalysis\carData\F34preProcessed_split_8-1\endurance519_endurance_stint_003.txt,tempFLRaw; tempRLRaw,,Endurance 5-19.txt
endurance519,endurance_stint,exported_incomplete,4,1,11876.6,12054.2,177.6,C:\Users\olive\GitHub\RIT_RacingBrakesAnalysis\carData\F34preProcessed_split_8-1\endurance519_endurance_stint_004.txt,tempFLRaw; tempRLRaw,,Endurance 5-19.txt
endurance529,endurance_stint,exported_incomplete,1,1,91.1,572.7,481.6,C:\Users\olive\GitHub\RIT_RacingBrakesAnalysis\carData\F34preProcessed_split_8-1\endurance529_endurance_stint_001.txt,tempFLRaw; tempRLRaw,,Endurance 5-29.txt
endurance529,endurance_stint,exported_incomplete,2,1,750.6,1201.9,451.3,C:\Users\olive\GitHub\RIT_RacingBrakesAnalysis\carData\F34preProcessed_split_8-1\endurance529_endurance_stint_002.txt,tempFLRaw; tempRLRaw,,Endurance 5-29.txt
endurance529,endurance_stint,exported_incomplete,3,1,1903.5,2408.8,505.3,C:\Users\olive\GitHub\RIT_RacingBrakesAnalysis\carData\F34preProcessed_split_8-1\endurance529_endurance_stint_003.txt,tempFLRaw; tempRLRaw,,Endurance 5-29.txt
endurance529,endurance_stint,exported_incomplete,4,1,2565.3,3498.8,933.5,C:\Users\olive\GitHub\RIT_RacingBrakesAnalysis\carData\F34preProcessed_split_8-1\endurance529_endurance_stint_004.txt,tempFLRaw; tempRLRaw,,Endurance 5-29.txt
endurance65,endurance_stint,exported_incomplete,1,1,8.20000000000073,838.1,829.9,C:\Users\olive\GitHub\RIT_RacingBrakesAnalysis\carData\F34preProcessed_split_8-1\endurance65_endurance_stint_001.txt,tempFLRaw; tempRLRaw,,Endurance 6-5.txt
endurance65,endurance_stint,exported_incomplete,2,1,1024.6,1844.5,819.9,C:\Users\olive\GitHub\RIT_RacingBrakesAnalysis\carData\F34preProcessed_split_8-1\endurance65_endurance_stint_002.txt,tempFLRaw; tempRLRaw,,Endurance 6-5.txt
endurance612,endurance_stint,no_driving_segment,0,0,NaN,NaN,NaN,,,,Endurance 6-12.txt
endurosetuptesting515,moving_event,exported_incomplete,1,1,82.1,597.8,515.7,C:\Users\olive\GitHub\RIT_RacingBrakesAnalysis\carData\F34preProcessed_split_8-1\endurosetuptesting515_moving_event_001.txt,tempFLRaw; tempRLRaw,,Enduro Setup Testing 5-15.txt
endurosetuptesting515,moving_event,exported_incomplete,2,1,1697.6,2054,356.4,C:\Users\olive\GitHub\RIT_RacingBrakesAnalysis\carData\F34preProcessed_split_8-1\endurosetuptesting515_moving_event_002.txt,tempFLRaw; tempRLRaw,,Enduro Setup Testing 5-15.txt
endurosetuptesting515,moving_event,exported_incomplete,3,1,3092.7,3653.1,560.4,C:\Users\olive\GitHub\RIT_RacingBrakesAnalysis\carData\F34preProcessed_split_8-1\endurosetuptesting515_moving_event_003.txt,tempFLRaw; tempRLRaw,,Enduro Setup Testing 5-15.txt
endurosetuptesting515,moving_event,exported_incomplete,4,1,4656,4893.6,237.6,C:\Users\olive\GitHub\RIT_RacingBrakesAnalysis\carData\F34preProcessed_split_8-1\endurosetuptesting515_moving_event_004.txt,tempFLRaw; tempRLRaw,,Enduro Setup Testing 5-15.txt
firstendurancenoaeronoregen417,endurance_stint,exported_incomplete,1,1,2.59999999999991,930.9,928.3,C:\Users\olive\GitHub\RIT_RacingBrakesAnalysis\carData\F34preProcessed_split_8-1\firstendurancenoaeronoregen417_endurance_stint_001.txt,tempFLRaw; tempRLRaw,,First Endurance No Aero No Regen 4-17.txt
firstendurancenoaeronoregen417,endurance_stint,exported_incomplete,2,1,981,1470.5,489.5,C:\Users\olive\GitHub\RIT_RacingBrakesAnalysis\carData\F34preProcessed_split_8-1\firstendurancenoaeronoregen417_endurance_stint_002.txt,tempFLRaw; tempRLRaw,,First Endurance No Aero No Regen 4-17.txt
